{
  "dashboard": {
    "title": "XWave Security & Performance Dashboard",
    "panels": [
      {
        "title": "Nonce Collisions",
        "targets": [
          {
            "expr": "rate(xwave_nonce_collisions_total[5m])"
          }
        ],
        "type": "graph"
      },
      {
        "title": "Withdrawal Failures",
        "targets": [
          {
            "expr": "rate(xwave_withdrawal_failures_total[5m])"
          }
        ],
        "type": "graph"
      },
      {
        "title": "Integer Overflow Attempts",
        "targets": [
          {
            "expr": "increase(xwave_arithmetic_overflow_total[5m])"
          }
        ],
        "type": "graph"
      },
      {
        "title": "Reentrancy Attempts",
        "targets": [
          {
            "expr": "increase(xwave_reentrancy_attempts_total[5m])"
          }
        ],
        "type": "graph"
      },
      {
        "title": "Request Rate",
        "targets": [
          {
            "expr": "rate(xwave_http_requests_total[5m])"
          }
        ],
        "type": "graph"
      },
      {
        "title": "Database Connection Pool",
        "targets": [
          {
            "expr": "xwave_database_pool_active_connections"
          },
          {
            "expr": "xwave_database_pool_max_connections"
          }
        ],
        "type": "graph"
      },
      {
        "title": "Validator Registration Failures",
        "targets": [
          {
            "expr": "rate(xwave_validator_registration_failures_total[5m])"
          }
        ],
        "type": "graph"
      },
      {
        "title": "Consensus Failures",
        "targets": [
          {
            "expr": "increase(xwave_consensus_failures_total[5m])"
          }
        ],
        "type": "graph"
      }
    ]
  }
}

